split_dir,split_name,method,val_mae_mean,val_mae_std,val_mre_mean,val_mre_std,val_r2_mean,val_r2_std,test_mae_mean,test_mae_std,test_mre_mean,test_mre_std,test_r2_mean,test_r2_std,val_mae_count,val_mre_count,val_r2_count,test_mae_count,test_mre_count,test_r2_count
category,Antimonides,alignn_prop,0.5424382090568542,,0.5026276707649231,,-0.8387914896011353,,0.5424382090568542,,0.5026276707649231,,-0.8387914896011353,,1,1,1,1,1,1
category,Antimonides,alignn_z,0.3934281766414642,,0.3525528907775879,,0.2331647872924804,,0.3934281766414642,,0.3525528907775879,,0.2331647872924804,,1,1,1,1,1,1
category,Antimonides,cartnet,0.7680661082267761,,0.7159790396690369,,-2.259273052215576,,0.7680660486221313,,0.7159790396690369,,-2.259272813796997,,1,1,1,1,1,1
category,Antimonides,cartnet_prop,0.3018452227115631,,0.2673418223857879,,0.205573558807373,,0.3018452227115631,,0.2673418223857879,,0.2055736780166626,,1,1,1,1,1,1
category,Antimonides,cgcnn,0.9391998648643494,,0.9883992671966552,,-8.422381401062012,,0.9391998648643494,,0.9883992671966552,,-8.422381401062012,,1,1,1,1,1,1
category,Antimonides,chgnet_prop,0.4617179334163666,,0.3952890038490295,,-0.8140778541564941,,0.4617178738117218,,0.3952889740467071,,-0.8140778541564941,,1,1,1,1,1,1
category,Antimonides,chgnet_z,1.331771969795227,,1.3432087898254397,,-7.852083206176758,,1.331771969795227,,1.343208909034729,,-7.852083206176758,,1,1,1,1,1,1
category,Antimonides,leftnet_prop,0.8716514706611633,,0.732919454574585,,-3.290764808654785,,0.8716514110565186,,0.7329193949699402,,-3.290764808654785,,1,1,1,1,1,1
category,Antimonides,leftnet_z,1.3269087076187134,,1.3373558521270752,,-7.026538848876953,,1.3269087076187134,,1.3373558521270752,,-7.0265398025512695,,1,1,1,1,1,1
category,Antimonides,linear_regression,0.8548483966562931,,0.80501525899297,,-2.8671132856345096,,0.8548483966562931,,0.80501525899297,,-2.8671132856345096,,1,1,1,1,1,1
category,Antimonides,random_forest,0.7820846540997746,,0.792338840243525,,-1.9978304116558971,,0.7820846540997746,,0.792338840243525,,-1.9978304116558971,,1,1,1,1,1,1
category,Antimonides,svm,0.6663376401367446,,0.632119514881007,,-2.078640685407501,,0.6663376401367446,,0.632119514881007,,-2.078640685407501,,1,1,1,1,1,1
category,Arsenides,alignn_prop,0.3784097135066986,,0.3227554559707641,,0.0292875170707702,,0.3784097135066986,,0.3227554559707641,,0.0292875170707702,,1,1,1,1,1,1
category,Arsenides,alignn_z,0.558272123336792,,0.4877291321754455,,-2.8846640586853027,,0.558272123336792,,0.4877291321754455,,-2.8846640586853027,,1,1,1,1,1,1
category,Arsenides,cartnet,0.5171499252319336,,0.400672048330307,,-1.6166751384735107,,0.5171499252319336,,0.4006720185279846,,-1.6166751384735107,,1,1,1,1,1,1
category,Arsenides,cartnet_prop,0.539653480052948,,0.4144636988639831,,-1.4828739166259766,,0.5396535396575928,,0.4144636988639831,,-1.4828739166259766,,1,1,1,1,1,1
category,Arsenides,cgcnn,0.6014128923416138,,0.5018525123596191,,-1.5589656829833984,,0.6014128923416138,,0.5018525123596191,,-1.5589656829833984,,1,1,1,1,1,1
category,Arsenides,chgnet_prop,0.4112901389598846,,0.3249053061008453,,-0.958172082901001,,0.4112901389598846,,0.3249053061008453,,-0.958172082901001,,1,1,1,1,1,1
category,Arsenides,chgnet_z,1.1750081777572632,,1.1938269138336182,,-8.491708755493164,,1.1750082969665527,,1.1938269138336182,,-8.491708755493164,,1,1,1,1,1,1
category,Arsenides,leftnet_prop,0.7781225442886353,,0.7217841148376465,,-3.382638454437256,,0.7781225442886353,,0.7217841148376465,,-3.382638454437256,,1,1,1,1,1,1
category,Arsenides,leftnet_z,0.6238332986831665,,0.6487013101577759,,-2.3879735469818115,,0.6238332986831665,,0.6487013697624207,,-2.3879735469818115,,1,1,1,1,1,1
category,Arsenides,linear_regression,0.7118756599397983,,0.7079751813222527,,-2.8233622854167657,,0.7118756599397983,,0.7079751813222527,,-2.8233622854167657,,1,1,1,1,1,1
category,Arsenides,random_forest,0.5110445799924773,,0.4841372435345123,,-0.9274142568584092,,0.5110445799924773,,0.4841372435345123,,-0.9274142568584092,,1,1,1,1,1,1
category,Arsenides,svm,0.6142511688600532,,0.6286504672410096,,-1.914035255365885,,0.6142511688600532,,0.6286504672410096,,-1.914035255365885,,1,1,1,1,1,1
category,Carbides,alignn_prop,0.7018190026283264,,0.2871140539646148,,-0.7742691040039062,,0.7018190026283264,,0.2871140539646148,,-0.7742691040039062,,1,1,1,1,1,1
category,Carbides,alignn_z,0.5175714492797852,,0.1811806261539459,,-0.1182248592376709,,0.5175714492797852,,0.1811806261539459,,-0.1182248592376709,,1,1,1,1,1,1
category,Carbides,cartnet,0.6346989870071411,,0.2500234544277191,,-0.2593623399734497,,0.6346988677978516,,0.2500234544277191,,-0.259361982345581,,1,1,1,1,1,1
category,Carbides,cartnet_prop,0.8465023636817932,,0.3223762512207031,,-1.512115716934204,,0.8465023636817932,,0.3223763108253479,,-1.512115716934204,,1,1,1,1,1,1
category,Carbides,cgcnn,1.462882399559021,,0.5901561975479126,,-6.931164264678955,,1.462882399559021,,0.5901561975479126,,-6.931164264678955,,1,1,1,1,1,1
category,Carbides,chgnet_prop,1.2479063272476196,,0.5342726707458496,,-2.937225818634033,,1.2479063272476196,,0.5342726707458496,,-2.937225818634033,,1,1,1,1,1,1
category,Carbides,chgnet_z,0.6276825070381165,,0.2656605839729309,,-0.6751374006271362,,0.6276825070381165,,0.2656605243682861,,-0.6751374006271362,,1,1,1,1,1,1
category,Carbides,leftnet_prop,0.7018378376960754,,0.2635922431945801,,-0.6035536527633667,,0.7018378376960754,,0.2635922431945801,,-0.6035536527633667,,1,1,1,1,1,1
category,Carbides,leftnet_z,0.4620830118656158,,0.20767642557621,,0.3136766850948334,,0.4620830118656158,,0.20767642557621,,0.3136766850948334,,1,1,1,1,1,1
category,Carbides,linear_regression,0.8537129087970258,,0.3727193788428923,,-1.1180627154868217,,0.8537129087970258,,0.3727193788428923,,-1.1180627154868217,,1,1,1,1,1,1
category,Carbides,random_forest,0.6004392622198377,,0.2427183049526103,,-0.0798161131699253,,0.6004392622198377,,0.2427183049526103,,-0.0798161131699253,,1,1,1,1,1,1
category,Carbides,svm,0.6429353008722283,,0.2520332840905683,,-0.3038416922993399,,0.6429353008722283,,0.2520332840905683,,-0.3038416922993399,,1,1,1,1,1,1
category,Chalcogenides,alignn_prop,0.6289337277412415,,0.3424934446811676,,-0.1299760639667511,,0.6289337277412415,,0.3424934446811676,,-0.1299760639667511,,1,1,1,1,1,1
category,Chalcogenides,alignn_z,0.6061499118804932,,0.3104554712772369,,-0.0335122533142566,,0.6061499118804932,,0.3104554712772369,,-0.0335122533142566,,1,1,1,1,1,1
category,Chalcogenides,cartnet,0.6008279323577881,,0.3184481561183929,,0.0915458276867866,,0.6008279323577881,,0.3184481561183929,,0.1129591017961502,,1,1,1,1,1,1
category,Chalcogenides,cartnet_prop,0.5697571039199829,,0.2972961366176605,,0.1298049837350845,,0.5697571039199829,,0.2972961068153381,,0.1336739063262939,,1,1,1,1,1,1
category,Chalcogenides,cgcnn,0.6214814782142639,,0.3287818431854248,,-0.0633766204118728,,0.6214814782142639,,0.3287818431854248,,-0.0633766204118728,,1,1,1,1,1,1
category,Chalcogenides,chgnet_prop,0.525598406791687,,0.2839507460594177,,0.1938976496458053,,0.5255983471870422,,0.2839507162570953,,0.1938976496458053,,1,1,1,1,1,1
category,Chalcogenides,chgnet_z,0.8196681141853333,,0.5549027919769287,,-0.8637660145759583,,0.8196681141853333,,0.5549027919769287,,-0.8637661337852478,,1,1,1,1,1,1
category,Chalcogenides,leftnet_prop,0.684320330619812,,0.3898147642612457,,-0.1791986376047134,,0.684320330619812,,0.3898147940635681,,-0.1791986674070358,,1,1,1,1,1,1
category,Chalcogenides,leftnet_z,0.8368010520935059,,0.4078362286090851,,-0.684590756893158,,0.8368010520935059,,0.4078362584114074,,-0.684590756893158,,1,1,1,1,1,1
category,Chalcogenides,linear_regression,0.614411481956459,,0.4091268786309289,,0.0616028021264026,,0.614411481956459,,0.4091268786309289,,0.0616028021264026,,1,1,1,1,1,1
category,Chalcogenides,random_forest,0.6193466245869307,,0.3655435039002531,,0.0498378793689292,,0.6193466245869307,,0.3655435039002531,,0.0498378793689292,,1,1,1,1,1,1
category,Chalcogenides,svm,0.8104826707099774,,0.3992357573246631,,-0.5513704577548655,,0.8104826707099774,,0.3992357573246631,,-0.5513704577548655,,1,1,1,1,1,1
category,Halides,alignn_prop,0.9648797512054444,,0.4658799171447754,,-0.5588701367378235,,0.9648797512054444,,0.4658799171447754,,-0.5588701367378235,,1,1,1,1,1,1
category,Halides,alignn_z,0.8261839747428894,,0.3726812303066253,,-0.272155612707138,,0.8261839747428894,,0.3726812303066253,,-0.272155612707138,,1,1,1,1,1,1
category,Halides,cartnet,0.8790109753608704,,0.4223701953887939,,-0.3590673506259918,,0.8790109753608704,,0.4223701953887939,,-0.4408793449401855,,1,1,1,1,1,1
category,Halides,cartnet_prop,0.8299623131752014,,0.4231108725070953,,-0.3371815681457519,,0.8299623131752014,,0.4231108725070953,,-0.4397333860397339,,1,1,1,1,1,1
category,Halides,cgcnn,0.8401261568069458,,0.3911536931991577,,-0.2626411914825439,,0.8401261568069458,,0.3911536931991577,,-0.2626411914825439,,1,1,1,1,1,1
category,Halides,chgnet_prop,0.8190159797668457,,0.4550128579139709,,-0.2075897306203842,,0.8190159797668457,,0.4550129175186157,,-0.2075897753238678,,1,1,1,1,1,1
category,Halides,chgnet_z,1.0319305658340454,,0.5135182738304138,,-0.8418991565704346,,1.031930446624756,,0.5135182738304138,,-0.8418991565704346,,1,1,1,1,1,1
category,Halides,leftnet_prop,0.8391544222831726,,0.4471778273582458,,-0.187607392668724,,0.8391544222831726,,0.4471778571605682,,-0.187607392668724,,1,1,1,1,1,1
category,Halides,leftnet_z,0.8818256855010986,,0.5283225178718567,,-0.3191552758216858,,0.8818256855010986,,0.5283225178718567,,-0.3191553354263305,,1,1,1,1,1,1
category,Halides,linear_regression,1.166106479409294,,0.4848821071150505,,-1.1060392566321462,,1.166106479409294,,0.4848821071150505,,-1.1060392566321462,,1,1,1,1,1,1
category,Halides,random_forest,0.9403043860047118,,0.4399908507005698,,-0.3833145913191791,,0.9403043860047118,,0.4399908507005698,,-0.3833145913191791,,1,1,1,1,1,1
category,Halides,svm,1.228992199277094,,0.4680116514499361,,-1.3407684260021455,,1.228992199277094,,0.4680116514499361,,-1.3407684260021455,,1,1,1,1,1,1
category,Hydrides,alignn_prop,0.6708299517631531,,0.3230018317699432,,0.4710112810134887,,0.6708299517631531,,0.3230018317699432,,0.4710112810134887,,1,1,1,1,1,1
category,Hydrides,alignn_z,0.6547929048538208,,0.2914779186248779,,0.4341338872909546,,0.6547929048538208,,0.2914779186248779,,0.4341338872909546,,1,1,1,1,1,1
category,Hydrides,cartnet,0.9662224650382996,,0.5420699715614319,,-0.1565436124801635,,0.9662225842475892,,0.5420700311660767,,-0.1565437316894531,,1,1,1,1,1,1
category,Hydrides,cartnet_prop,0.7917521595954895,,0.5082398653030396,,0.0838157534599304,,0.7917522192001343,,0.5082399249076843,,0.0838156342506408,,1,1,1,1,1,1
category,Hydrides,cgcnn,0.7895163297653198,,0.356896698474884,,0.2839671373367309,,0.7895163297653198,,0.356896698474884,,0.2839671373367309,,1,1,1,1,1,1
category,Hydrides,chgnet_prop,0.9701426029205322,,0.5099248290061951,,-0.0849106311798095,,0.9701425433158876,,0.5099248290061951,,-0.08491051197052,,1,1,1,1,1,1
category,Hydrides,chgnet_z,1.14286470413208,,0.4251047670841217,,-0.7982931137084961,,1.1428648233413696,,0.4251047968864441,,-0.7982934713363647,,1,1,1,1,1,1
category,Hydrides,leftnet_prop,0.950209140777588,,0.478676974773407,,0.0805914998054504,,0.9502090811729432,,0.478676974773407,,0.0805914998054504,,1,1,1,1,1,1
category,Hydrides,leftnet_z,1.080458641052246,,0.5603969097137451,,-0.3441684246063232,,1.080458641052246,,0.5603968501091003,,-0.3441684246063232,,1,1,1,1,1,1
category,Hydrides,linear_regression,2.340773582458496,,1.01336407661438,,-8.970575332641602,,2.340773582458496,,1.01336407661438,,-8.970575332641602,,1,1,1,1,1,1
category,Hydrides,random_forest,0.9241675619513676,,0.4527924891942159,,0.0518934127899414,,0.9241675619513676,,0.4527924891942159,,0.0518934127899414,,1,1,1,1,1,1
category,Hydrides,svm,0.941691096669398,,0.4270304810574029,,0.044439599917916,,0.941691096669398,,0.4270304810574029,,0.044439599917916,,1,1,1,1,1,1
category,Nitrides,alignn_prop,0.8703418970108032,,0.4296404719352722,,0.0309412814676761,,0.8703418970108032,,0.4296404719352722,,0.0309412814676761,,1,1,1,1,1,1
category,Nitrides,alignn_z,1.05035662651062,,0.5139549970626831,,-0.3345160782337188,,1.05035662651062,,0.5139549970626831,,-0.3345160782337188,,1,1,1,1,1,1
category,Nitrides,cartnet,1.2947214841842651,,0.8241033554077148,,-2.4317009449005127,,1.2947218418121338,,0.8241034746170044,,-2.4317023754119877,,1,1,1,1,1,1
category,Nitrides,cartnet_prop,0.9195868968963624,,0.5195420384407043,,-0.1076021194458007,,0.919587016105652,,0.5195419788360596,,-0.1076020002365112,,1,1,1,1,1,1
category,Nitrides,cgcnn,0.9692147374153136,,0.4469393193721771,,-0.1223505735397338,,0.9692147374153136,,0.4469393193721771,,-0.1223505735397338,,1,1,1,1,1,1
category,Nitrides,chgnet_prop,0.7146859765052795,,0.4432335495948791,,0.30768883228302,,0.7146860361099243,,0.4432336091995239,,0.3076888620853424,,1,1,1,1,1,1
category,Nitrides,chgnet_z,1.0816830396652222,,0.6000136733055115,,-0.2587057948112488,,1.0816830396652222,,0.6000136733055115,,-0.2587056457996368,,1,1,1,1,1,1
category,Nitrides,leftnet_prop,0.931799590587616,,0.6008239388465881,,-0.2259557247161865,,0.931799590587616,,0.6008239388465881,,-0.2259554862976074,,1,1,1,1,1,1
category,Nitrides,leftnet_z,0.9743921756744384,,0.5167666673660278,,-0.2019227743148803,,0.9743921756744384,,0.5167666673660278,,-0.2019227743148803,,1,1,1,1,1,1
category,Nitrides,linear_regression,1.2755954265594482,,0.5612422823905945,,-0.7586050033569336,,1.2755954265594482,,0.5612422823905945,,-0.7586050033569336,,1,1,1,1,1,1
category,Nitrides,random_forest,1.0165484271269152,,0.7171538713072304,,-0.1623759338203196,,1.0165484271269152,,0.7171538713072304,,-0.1623759338203196,,1,1,1,1,1,1
category,Nitrides,svm,0.8652961181851667,,0.5053097819274752,,0.0778130925041814,,0.8652961181851667,,0.5053097819274752,,0.0778130925041814,,1,1,1,1,1,1
category,Oxides,alignn_prop,0.7510225176811218,,0.3021345138549804,,-274579.71875,,0.7510225176811218,,0.3021345138549804,,-274579.71875,,1,1,1,1,1,1
category,Oxides,alignn_z,0.7712499499320984,,0.29660764336586,,-289218.5625,,0.7712499499320984,,0.29660764336586,,-289218.5625,,1,1,1,1,1,1
category,Oxides,cartnet,1.0404870510101318,,0.3707600235939026,,-0.6135959029197693,,1.0404871702194214,,0.370760053396225,,-0.6552127599716187,,1,1,1,1,1,1
category,Oxides,cartnet_prop,1.4721556901931765,,0.4972332417964935,,-8.81113338470459,,1.4721555709838867,,0.4972332417964935,,-8.864340782165527,,1,1,1,1,1,1
category,Oxides,cgcnn,1.5224251747131348,,0.4930011630058288,,-2.7583792209625244,,1.5224251747131348,,0.4930011630058288,,-2.7583792209625244,,1,1,1,1,1,1
category,Oxides,chgnet_prop,0.7791245579719543,,0.3075193166732788,,-412293.90625,,0.7791245579719543,,0.3075192868709564,,-412293.90625,,1,1,1,1,1,1
category,Oxides,chgnet_z,1.472028374671936,,0.4617538750171661,,-827970.375,,1.472028374671936,,0.4617538750171661,,-827970.375,,1,1,1,1,1,1
category,Oxides,leftnet_prop,0.7919633388519287,,0.2987613081932068,,-0.0664665773510932,,0.7919632792472839,,0.2987613081932068,,-0.0664665699005127,,1,1,1,1,1,1
category,Oxides,leftnet_z,0.7656635046005249,,0.2910774946212768,,-0.0047343634068965,,0.7656635046005249,,0.2910774946212768,,-0.0047343792393803,,1,1,1,1,1,1
category,Oxides,linear_regression,0.7661460193311125,,0.3535898951420482,,0.0653304785256772,,0.7661460193311125,,0.3535898951420482,,0.0653304785256772,,1,1,1,1,1,1
category,Oxides,random_forest,1.040251243914673,,0.3504134086544194,,-0.6217874192412509,,1.040251243914673,,0.3504134086544194,,-0.6217874192412509,,1,1,1,1,1,1
category,Oxides,svm,0.8256813731946433,,0.3205104737128865,,-0.0544594707368768,,0.8256813731946433,,0.3205104737128865,,-0.0544594707368768,,1,1,1,1,1,1
category,Phosphides,alignn_prop,0.4575942754745483,,0.2800855934619903,,0.3750579059123993,,0.4575942754745483,,0.2800855934619903,,0.3750579059123993,,1,1,1,1,1,1
category,Phosphides,alignn_z,0.5395227670669556,,0.3092333972454071,,0.1748861074447631,,0.5395227670669556,,0.3092333972454071,,0.1748861074447631,,1,1,1,1,1,1
category,Phosphides,cartnet,0.6374688744544983,,0.4346103966236114,,-0.1294556856155395,,0.6374688744544983,,0.4346104264259338,,-0.1294556856155395,,1,1,1,1,1,1
category,Phosphides,cartnet_prop,0.5123835206031799,,0.3192348480224609,,0.3174709677696228,,0.5123835802078247,,0.3192348480224609,,0.3174708187580108,,1,1,1,1,1,1
category,Phosphides,cgcnn,0.6045575737953186,,0.3754940032958984,,-0.121506929397583,,0.6045575737953186,,0.3754940032958984,,-0.121506929397583,,1,1,1,1,1,1
category,Phosphides,chgnet_prop,0.4660213887691498,,0.3351318836212158,,0.3639776706695556,,0.466021329164505,,0.3351318836212158,,0.3639777898788452,,1,1,1,1,1,1
category,Phosphides,chgnet_z,0.6840652227401733,,0.5315939784049988,,-0.2430577278137207,,0.6840652227401733,,0.5315939784049988,,-0.2430577278137207,,1,1,1,1,1,1
category,Phosphides,leftnet_prop,0.6153270602226257,,0.4560458958148956,,-0.0315108299255371,,0.6153270602226257,,0.456045925617218,,-0.0315109491348266,,1,1,1,1,1,1
category,Phosphides,leftnet_z,0.5351182818412781,,0.3714774847030639,,-0.1453773975372314,,0.5351182818412781,,0.3714774549007416,,-0.1453773975372314,,1,1,1,1,1,1
category,Phosphides,linear_regression,0.4197338658056871,,0.2677611429433663,,0.2738851503493172,,0.4197338658056871,,0.2677611429433663,,0.2738851503493172,,1,1,1,1,1,1
category,Phosphides,random_forest,0.5017460535238026,,0.3706972769740949,,0.2397095487897859,,0.5017460535238026,,0.3706972769740949,,0.2397095487897859,,1,1,1,1,1,1
category,Phosphides,svm,0.487459355989472,,0.2949393621165641,,0.2745973150600503,,0.487459355989472,,0.2949393621165641,,0.2745973150600503,,1,1,1,1,1,1
category,Silicides,alignn_prop,0.4974873661994934,,0.5305794477462769,,-0.7361294031143188,,0.4974873661994934,,0.5305794477462769,,-0.7361294031143188,,1,1,1,1,1,1
category,Silicides,alignn_z,0.8213589191436768,,0.8437409400939941,,-5.718767166137695,,0.8213589191436768,,0.8437409400939941,,-5.718767166137695,,1,1,1,1,1,1
category,Silicides,cartnet,0.5732805132865906,,0.6192196607589722,,-0.9697965383529664,,0.5732805728912354,,0.6192197203636169,,-0.9697967767715454,,1,1,1,1,1,1
category,Silicides,cartnet_prop,0.873744785785675,,1.0083394050598145,,-3.4374337196350098,,0.873744785785675,,1.0083394050598145,,-3.4374337196350098,,1,1,1,1,1,1
category,Silicides,cgcnn,2.0774500370025635,,2.661318302154541,,-29.17269325256348,,2.0774500370025635,,2.661318302154541,,-29.17269325256348,,1,1,1,1,1,1
category,Silicides,chgnet_prop,0.8786501884460449,,1.018658995628357,,-2.3241515159606934,,0.8786501288414001,,1.018658995628357,,-2.3241512775421143,,1,1,1,1,1,1
category,Silicides,chgnet_z,1.4773916006088257,,1.7697689533233645,,-8.883267402648926,,1.477391481399536,,1.7697689533233645,,-8.88326644897461,,1,1,1,1,1,1
category,Silicides,leftnet_prop,1.07895827293396,,1.2396159172058103,,-4.81635046005249,,1.0789583921432495,,1.2396159172058103,,-4.81635046005249,,1,1,1,1,1,1
category,Silicides,leftnet_z,1.9644359350204468,,2.3680734634399414,,-15.88286590576172,,1.9644358158111568,,2.3680732250213623,,-15.882863998413086,,1,1,1,1,1,1
category,Silicides,linear_regression,3.663048028945923,,4.0835466384887695,,-55.401214599609375,,3.663048028945923,,4.0835466384887695,,-55.401214599609375,,1,1,1,1,1,1
category,Silicides,random_forest,1.2229836960132348,,1.522744124768223,,-5.759135798233728,,1.2229836960132348,,1.522744124768223,,-5.759135798233728,,1,1,1,1,1,1
category,Silicides,svm,1.393287786352697,,1.7586726337507987,,-8.261412262535531,,1.393287786352697,,1.7586726337507987,,-8.261412262535531,,1,1,1,1,1,1
category_no_pretrain,Antimonides,alignn_prop,0.6481661200523376,,0.5001488924026489,,-2.2022924423217773,,0.6481661200523376,,0.5001488924026489,,-2.2022924423217773,,1,1,1,1,1,1
category_no_pretrain,Antimonides,alignn_z,0.5390326380729675,,0.5345638394355774,,-0.991987943649292,,0.5390326380729675,,0.5345638394355774,,-0.991987943649292,,1,1,1,1,1,1
category_no_pretrain,Antimonides,cartnet,0.4765184819698334,,0.3871824443340301,,-0.6206245422363281,,0.4765185117721557,,0.3871824145317077,,-0.6206245422363281,,1,1,1,1,1,1
category_no_pretrain,Antimonides,cartnet_prop,0.435807853937149,,0.4345689713954925,,-0.1202994585037231,,0.435807853937149,,0.4345689415931701,,-0.1202994585037231,,1,1,1,1,1,1
category_no_pretrain,Antimonides,cgcnn,0.7800582647323608,,0.6798067092895508,,-2.9689836502075195,,0.7800582647323608,,0.6798067092895508,,-2.9689836502075195,,1,1,1,1,1,1
category_no_pretrain,Antimonides,chgnet,0.4631984531879425,,0.4924809038639068,,-0.28388512134552,,0.4631984531879425,,0.4924809038639068,,-0.28388512134552,,1,1,1,1,1,1
category_no_pretrain,Antimonides,chgnet_prop,0.5762124061584473,,0.632554292678833,,-0.8877924680709839,,0.5762124061584473,,0.632554292678833,,-0.8877924680709839,,1,1,1,1,1,1
category_no_pretrain,Antimonides,leftnet_prop,0.7605818510055542,,0.7200056314468384,,-2.0922598838806152,,0.7605818510055542,,0.7200055718421936,,-2.0922598838806152,,1,1,1,1,1,1
category_no_pretrain,Antimonides,leftnet_z,0.5272678732872009,,0.4086788594722748,,-1.6574106216430664,,0.5272678732872009,,0.4086788594722748,,-1.6574106216430664,,1,1,1,1,1,1
category_no_pretrain,Arsenides,alignn_prop,0.6334940195083618,,0.5469932556152344,,-2.2403013706207275,,0.6334940195083618,,0.5469932556152344,,-2.2403013706207275,,1,1,1,1,1,1
category_no_pretrain,Arsenides,alignn_z,0.4672901630401611,,0.3940910398960113,,-0.4159317016601562,,0.4672901630401611,,0.3940910398960113,,-0.4159317016601562,,1,1,1,1,1,1
category_no_pretrain,Arsenides,cartnet,0.4301090240478515,,0.3584222197532654,,-0.3634716272354126,,0.4301090240478515,,0.3584222197532654,,-0.3634718656539917,,1,1,1,1,1,1
category_no_pretrain,Arsenides,cartnet_prop,0.5658065676689148,,0.4979443550109863,,-1.0045177936553955,,0.5658065676689148,,0.4979443252086639,,-1.0045177936553955,,1,1,1,1,1,1
category_no_pretrain,Arsenides,cgcnn,0.5041890144348145,,0.5455613136291504,,-1.650505304336548,,0.5041890144348145,,0.5455613136291504,,-1.650505304336548,,1,1,1,1,1,1
category_no_pretrain,Arsenides,chgnet,0.4057279229164123,,0.4081594049930572,,-0.1750379800796508,,0.4057279229164123,,0.4081594347953796,,-0.1750379800796508,,1,1,1,1,1,1
category_no_pretrain,Arsenides,chgnet_prop,0.4821488857269287,,0.5086061358451843,,-0.6890391111373901,,0.4821488559246063,,0.5086061358451843,,-0.6890391111373901,,1,1,1,1,1,1
category_no_pretrain,Arsenides,leftnet_prop,0.5333263874053955,,0.5197455883026123,,-1.1699614524841309,,0.5333263874053955,,0.5197455286979675,,-1.1699614524841309,,1,1,1,1,1,1
category_no_pretrain,Arsenides,leftnet_z,0.4379217028617859,,0.3520043194293976,,-0.2865723371505737,,0.4379217028617859,,0.3520042896270752,,-0.2865722179412842,,1,1,1,1,1,1
category_no_pretrain,Carbides,alignn_prop,0.5029323101043701,,0.2000941187143325,,0.0913838148117065,,0.5029323101043701,,0.2000941187143325,,0.0913838148117065,,1,1,1,1,1,1
category_no_pretrain,Carbides,alignn_z,0.5302123427391052,,0.2177404165267944,,-0.388082355260849,,0.5302123427391052,,0.2177404165267944,,-0.388082355260849,,1,1,1,1,1,1
category_no_pretrain,Carbides,cartnet,0.3291277885437011,,0.1063680723309516,,0.3791276514530182,,0.3291277885437011,,0.1063680574297905,,0.3791277408599853,,1,1,1,1,1,1
category_no_pretrain,Carbides,cartnet_prop,0.3367289900779724,,0.1211728081107139,,0.4977914690971374,,0.3367289900779724,,0.1211728081107139,,0.4977914690971374,,1,1,1,1,1,1
category_no_pretrain,Carbides,cgcnn,0.5553004145622253,,0.2140896469354629,,0.0002656579017639,,0.5553004145622253,,0.2140896469354629,,0.0002656579017639,,1,1,1,1,1,1
category_no_pretrain,Carbides,chgnet,0.4517536461353302,,0.1775594502687454,,0.2670828104019165,,0.4517536759376526,,0.1775594651699066,,0.2670828104019165,,1,1,1,1,1,1
category_no_pretrain,Carbides,chgnet_prop,0.605003297328949,,0.2431994825601577,,-0.1656488180160522,,0.605003297328949,,0.2431994825601577,,-0.1656488180160522,,1,1,1,1,1,1
category_no_pretrain,Carbides,leftnet_prop,0.5603673458099365,,0.2091807574033737,,-0.2099412679672241,,0.5603672862052917,,0.2091807425022125,,-0.2099412679672241,,1,1,1,1,1,1
category_no_pretrain,Carbides,leftnet_z,0.7989507913589478,,0.2827522158622741,,-1.395444631576538,,0.7989507913589478,,0.2827522158622741,,-1.395444631576538,,1,1,1,1,1,1
category_no_pretrain,Chalcogenides,alignn_prop,0.6283201575279236,,0.3659054338932037,,-0.0623018257319927,,0.6283201575279236,,0.3659054338932037,,-0.0623018257319927,,1,1,1,1,1,1
category_no_pretrain,Chalcogenides,alignn_z,0.8136351704597473,,0.3918469548225403,,-0.7565141320228577,,0.8136351704597473,,0.3918469548225403,,-0.7565141320228577,,1,1,1,1,1,1
category_no_pretrain,Chalcogenides,cartnet,0.7261627316474915,,0.3648008108139038,,-0.3401097059249878,,0.7261626124382019,,0.3648008406162262,,-0.3526161015033722,,1,1,1,1,1,1
category_no_pretrain,Chalcogenides,cartnet_prop,0.6441962122917175,,0.3588785231113434,,-0.0432056412100791,,0.644196093082428,,0.358878493309021,,-0.0444799028337001,,1,1,1,1,1,1
category_no_pretrain,Chalcogenides,cgcnn,0.6667126417160034,,0.3968552649021148,,-0.1310618221759796,,0.6667126417160034,,0.3968552649021148,,-0.1310618221759796,,1,1,1,1,1,1
category_no_pretrain,Chalcogenides,chgnet,0.6466712355613708,,0.3709844350814819,,-0.110278271138668,,0.6466712355613708,,0.3709844350814819,,-0.110278271138668,,1,1,1,1,1,1
category_no_pretrain,Chalcogenides,chgnet_prop,0.666877806186676,,0.348954290151596,,-0.1975045651197433,,0.666877806186676,,0.348954290151596,,-0.1975045800209045,,1,1,1,1,1,1
category_no_pretrain,Chalcogenides,leftnet_prop,0.5808231234550476,,0.3298845291137695,,0.1237727254629135,,0.5808231234550476,,0.3298845589160919,,0.1237726956605911,,1,1,1,1,1,1
category_no_pretrain,Chalcogenides,leftnet_z,1.2419942617416382,,0.5756152272224426,,-2.386150360107422,,1.2419942617416382,,0.5756152272224426,,-2.3861501216888428,,1,1,1,1,1,1
category_no_pretrain,Halides,alignn_prop,1.0148522853851318,,0.3914860486984253,,-0.8601201176643372,,1.0148522853851318,,0.3914860486984253,,-0.8601201176643372,,1,1,1,1,1,1
category_no_pretrain,Halides,alignn_z,1.0297750234603882,,0.4051318764686584,,-0.888546347618103,,1.0297750234603882,,0.4051318764686584,,-0.888546347618103,,1,1,1,1,1,1
category_no_pretrain,Halides,cartnet,0.9681444764137268,,0.3703956305980682,,-0.685185968875885,,0.9681444764137268,,0.3703956305980682,,-0.7490116357803345,,1,1,1,1,1,1
category_no_pretrain,Halides,cartnet_prop,0.9211121797561646,,0.3869648575782776,,-0.4345010221004486,,0.921112060546875,,0.3869648575782776,,-0.5012114644050598,,1,1,1,1,1,1
category_no_pretrain,Halides,cgcnn,1.0127575397491455,,0.4046485126018524,,-0.755712628364563,,1.0127575397491455,,0.4046485126018524,,-0.755712628364563,,1,1,1,1,1,1
category_no_pretrain,Halides,chgnet,0.915406346321106,,0.3912811875343323,,-0.5011211037635803,,0.915406346321106,,0.3912811279296875,,-0.5011211037635803,,1,1,1,1,1,1
category_no_pretrain,Halides,chgnet_prop,0.8880683183670044,,0.4058837890625,,-0.347569853067398,,0.8880683183670044,,0.4058836996555328,,-0.3475697934627533,,1,1,1,1,1,1
category_no_pretrain,Halides,leftnet_prop,0.9558327198028564,,0.4228304028511047,,-0.5651295185089111,,0.9558327198028564,,0.4228304624557495,,-0.5651295185089111,,1,1,1,1,1,1
category_no_pretrain,Halides,leftnet_z,1.781013011932373,,0.6608111262321472,,-4.131232738494873,,1.781013011932373,,0.6608111262321472,,-4.131232738494873,,1,1,1,1,1,1
category_no_pretrain,Hydrides,alignn_prop,1.2495639324188232,,0.378834068775177,,-0.8786866664886475,,1.2495639324188232,,0.378834068775177,,-0.8786866664886475,,1,1,1,1,1,1
category_no_pretrain,Hydrides,alignn_z,1.1959487199783323,,0.4237669110298157,,-0.6234347820281982,,1.1959487199783323,,0.4237669110298157,,-0.6234347820281982,,1,1,1,1,1,1
category_no_pretrain,Hydrides,cartnet,1.0711205005645752,,0.3785682320594787,,-0.4333961009979248,,1.0711205005645752,,0.378568172454834,,-0.4333959817886352,,1,1,1,1,1,1
category_no_pretrain,Hydrides,cartnet_prop,1.3043617010116575,,0.4881723523139953,,-0.8039344549179077,,1.3043618202209473,,0.4881723821163177,,-0.8039344549179077,,1,1,1,1,1,1
category_no_pretrain,Hydrides,cgcnn,0.9251586198806764,,0.3752339482307434,,0.0021553635597229,,0.9251586198806764,,0.3752339482307434,,0.0021553635597229,,1,1,1,1,1,1
category_no_pretrain,Hydrides,chgnet,1.2257559299468994,,0.4207713603973388,,-0.7215473651885986,,1.2257559299468994,,0.4207713603973388,,-0.7215473651885986,,1,1,1,1,1,1
category_no_pretrain,Hydrides,chgnet_prop,0.9662857055664062,,0.437282919883728,,-0.2837382555007934,,0.966285765171051,,0.4372829496860504,,-0.2837382555007934,,1,1,1,1,1,1
category_no_pretrain,Hydrides,leftnet_prop,0.9081387519836426,,0.3421128988265991,,-0.0817874670028686,,0.9081387519836426,,0.3421128988265991,,-0.0817874670028686,,1,1,1,1,1,1
category_no_pretrain,Hydrides,leftnet_z,1.2160792350769043,,0.4743495285511017,,-0.5514389276504517,,1.2160792350769043,,0.4743495285511017,,-0.5514389276504517,,1,1,1,1,1,1
category_no_pretrain,Nitrides,alignn_prop,1.1351691484451294,,0.4897757768630981,,-0.4715321362018585,,1.1351691484451294,,0.4897757768630981,,-0.4715321362018585,,1,1,1,1,1,1
category_no_pretrain,Nitrides,alignn_z,1.1738499402999878,,0.4622729122638702,,-0.988556742668152,,1.1738499402999878,,0.4622729122638702,,-0.988556742668152,,1,1,1,1,1,1
category_no_pretrain,Nitrides,cartnet,1.0918461084365845,,0.4671105146408081,,-0.5670998096466064,,1.0918461084365845,,0.4671105742454529,,-0.5671000480651855,,1,1,1,1,1,1
category_no_pretrain,Nitrides,cartnet_prop,0.875210702419281,,0.4209972023963928,,0.0791389346122741,,0.875210702419281,,0.4209972023963928,,0.0791388750076294,,1,1,1,1,1,1
category_no_pretrain,Nitrides,cgcnn,1.0032967329025269,,0.5348594784736633,,-0.0858488082885742,,1.0032967329025269,,0.5348594784736633,,-0.0858488082885742,,1,1,1,1,1,1
category_no_pretrain,Nitrides,chgnet,1.2067166566848757,,0.470539778470993,,-0.8131107687950134,,1.2067166566848757,,0.470539778470993,,-0.8131107687950134,,1,1,1,1,1,1
category_no_pretrain,Nitrides,chgnet_prop,1.1421892642974854,,0.47771155834198,,-0.5695472955703735,,1.142189383506775,,0.47771155834198,,-0.5695472955703735,,1,1,1,1,1,1
category_no_pretrain,Nitrides,leftnet_prop,1.002881407737732,,0.4621176123619079,,-0.1115480661392211,,1.002881407737732,,0.4621176123619079,,-0.1115480661392211,,1,1,1,1,1,1
category_no_pretrain,Nitrides,leftnet_z,1.05375874042511,,0.4404731690883636,,-0.3336730003356933,,1.05375874042511,,0.4404731690883636,,-0.3336728811264038,,1,1,1,1,1,1
category_no_pretrain,Oxides,alignn_prop,0.8839100003242493,,0.3444356024265289,,-46511.7265625,,0.8839100003242493,,0.3444356024265289,,-46511.7265625,,1,1,1,1,1,1
category_no_pretrain,Oxides,alignn_z,0.786789059638977,,0.3198401629924774,,-38822.52734375,,0.786789059638977,,0.3198401629924774,,-38822.52734375,,1,1,1,1,1,1
category_no_pretrain,Oxides,cartnet,1.0032755136489868,,0.3513669371604919,,-0.5526940822601318,,1.0032755136489868,,0.3513669073581695,,-0.5682661533355713,,1,1,1,1,1,1
category_no_pretrain,Oxides,cartnet_prop,0.8461042046546936,,0.3611012101173401,,-0.2090158760547638,,0.8461043238639832,,0.3611012101173401,,-0.1998892277479171,,1,1,1,1,1,1
category_no_pretrain,Oxides,cgcnn,0.8513365387916565,,0.3416203558444977,,-0.1630070805549621,,0.8513365387916565,,0.3416203558444977,,-0.1630070805549621,,1,1,1,1,1,1
category_no_pretrain,Oxides,chgnet,0.8578162789344788,,0.3321233093738556,,-125722.4765625,,0.8578162789344788,,0.3321233093738556,,-125722.4765625,,1,1,1,1,1,1
category_no_pretrain,Oxides,chgnet_prop,0.8583528995513916,,0.3460091352462768,,-53415.9296875,,0.8583528995513916,,0.3460091352462768,,-53415.9296875,,1,1,1,1,1,1
category_no_pretrain,Oxides,leftnet_prop,0.7678015828132629,,0.323550134897232,,0.0516567975282669,,0.7678015828132629,,0.323550134897232,,0.0516568571329116,,1,1,1,1,1,1
category_no_pretrain,Oxides,leftnet_z,0.8154613375663757,,0.3240352869033813,,-0.0638071969151496,,0.8154613375663757,,0.3240352869033813,,-0.0638071969151496,,1,1,1,1,1,1
category_no_pretrain,Phosphides,alignn_prop,0.3577733337879181,,0.2243681699037552,,0.5523886680603027,,0.3577733337879181,,0.2243681699037552,,0.5523886680603027,,1,1,1,1,1,1
category_no_pretrain,Phosphides,alignn_z,0.5683037042617798,,0.3154618442058563,,0.0939272567629814,,0.5683037042617798,,0.3154618442058563,,0.0939272567629814,,1,1,1,1,1,1
category_no_pretrain,Phosphides,cartnet,0.4607218205928802,,0.3231216967105865,,0.3269702792167663,,0.4607218205928802,,0.3231216967105865,,0.3269703388214111,,1,1,1,1,1,1
category_no_pretrain,Phosphides,cartnet_prop,0.4190344512462616,,0.2440724223852157,,0.3359987139701843,,0.4190344512462616,,0.2440724223852157,,0.3359986543655395,,1,1,1,1,1,1
category_no_pretrain,Phosphides,cgcnn,0.5524799823760986,,0.4299501478672027,,0.0284561514854431,,0.5524799823760986,,0.4299501478672027,,0.0284561514854431,,1,1,1,1,1,1
category_no_pretrain,Phosphides,chgnet,0.3926044106483459,,0.25978484749794,,0.5220147371292114,,0.3926044404506683,,0.2597849071025848,,0.5220146179199219,,1,1,1,1,1,1
category_no_pretrain,Phosphides,chgnet_prop,0.4186338484287262,,0.2877303063869476,,0.4963098764419555,,0.4186338484287262,,0.2877303063869476,,0.4963099658489227,,1,1,1,1,1,1
category_no_pretrain,Phosphides,leftnet_prop,0.4463239014148712,,0.313770055770874,,0.2294749617576599,,0.4463239014148712,,0.313770055770874,,0.2294749617576599,,1,1,1,1,1,1
category_no_pretrain,Phosphides,leftnet_z,0.586392879486084,,0.3962101340293884,,-0.0409409999847412,,0.586392879486084,,0.396210104227066,,-0.0409409999847412,,1,1,1,1,1,1
category_no_pretrain,Silicides,alignn_prop,0.4577974081039428,,0.5199114084243774,,-0.0050632953643798,,0.4577974081039428,,0.5199114084243774,,-0.0050632953643798,,1,1,1,1,1,1
category_no_pretrain,Silicides,alignn_z,0.313062310218811,,0.3813041448593139,,0.3080564737319946,,0.313062310218811,,0.3813041448593139,,0.3080564737319946,,1,1,1,1,1,1
category_no_pretrain,Silicides,cartnet,0.9413039684295654,,1.0722087621688845,,-3.9523348808288574,,0.9413039684295654,,1.0722087621688845,,-3.952333927154541,,1,1,1,1,1,1
category_no_pretrain,Silicides,cartnet_prop,0.7271175384521484,,0.907236099243164,,-1.3538763523101809,,0.7271174788475037,,0.9072359800338744,,-1.3538756370544434,,1,1,1,1,1,1
category_no_pretrain,Silicides,cgcnn,0.7876704931259155,,0.8671419024467468,,-2.059426784515381,,0.7876704931259155,,0.8671419024467468,,-2.059426784515381,,1,1,1,1,1,1
category_no_pretrain,Silicides,chgnet,0.3987950682640075,,0.4427705109119415,,0.2132858633995056,,0.3987950980663299,,0.4427705407142639,,0.2132858037948608,,1,1,1,1,1,1
category_no_pretrain,Silicides,chgnet_prop,0.8279407024383545,,1.0223995447158811,,-1.965214729309082,,0.8279407024383545,,1.0223995447158811,,-1.965214729309082,,1,1,1,1,1,1
category_no_pretrain,Silicides,leftnet_prop,1.0793418884277344,,1.2740702629089355,,-4.149413108825684,,1.0793418884277344,,1.2740702629089355,,-4.149413108825684,,1,1,1,1,1,1
category_no_pretrain,Silicides,leftnet_z,1.1349272727966309,,1.3134167194366455,,-4.410351753234863,,1.1349272727966309,,1.3134167194366455,,-4.410351753234863,,1,1,1,1,1,1
crystalsys,crystalsys,alignn_prop,0.601489394903183,0.09320760800155987,0.30606270262173235,0.050552021768079575,0.37602538083280834,0.11800036984520659,0.601489394903183,0.09320760800155987,0.30606270262173235,0.050552021768079575,0.37602538083280834,0.11800036984520659,7,7,7,7,7,7
crystalsys,crystalsys,alignn_z,0.6485106732164111,0.12640999396053915,0.3160557278564998,0.05938278079051037,0.27620277873107363,0.21321616523681997,0.6485106732164111,0.12640999396053915,0.3160557278564998,0.05938278079051037,0.27620277873107363,0.21321616523681997,7,7,7,7,7,7
crystalsys,crystalsys,cartnet_prop,0.6500699179513114,0.09287911898674607,0.322861624615533,0.06251188753621106,0.10409573731677871,0.29541456363877383,0.6500699179513114,0.0928791572500149,0.3228616288730076,0.06251188681452219,0.05470810404845645,0.41418138636443175,7,7,7,7,7,7
crystalsys,crystalsys,cartnet_z,0.672074692589896,0.08962555068134151,0.3425373775618417,0.07065628495572275,-0.08168394836996286,0.966614569486037,0.6720746585300991,0.08962552160415115,0.3425373775618417,0.07065627931381278,-0.10405104128377782,1.013309614276577,7,7,7,7,7,7
crystalsys,crystalsys,cgcnn,0.6185718689646039,0.1301736843720663,0.3189928148474012,0.08433220504166608,0.20807693898677823,0.4024893172601112,0.6185718689646039,0.1301736843720663,0.3189928148474012,0.08433220504166608,0.20807693898677823,0.4024893172601112,7,7,7,7,7,7
crystalsys,crystalsys,chgnet_prop,0.7522772209984916,0.0930674151624182,0.3952829539775848,0.06904905259407042,0.09106572770646638,0.20584420868035488,0.7522772209984916,0.09306741734203888,0.3952829539775848,0.06904905259407042,0.09106577028121264,0.205844231174626,7,7,7,7,7,7
crystalsys,crystalsys,chgnet_z,0.6615182757377625,0.12814448960996036,0.35654525671686443,0.08870275069617946,0.25840842271489756,0.1687154697518829,0.6615182757377625,0.12814448960996036,0.3565452652318137,0.08870276760130136,0.2584084389465195,0.16871547885948232,7,7,7,7,7,7
crystalsys,crystalsys,leftnet_prop,0.6438747814723423,0.1308721038800181,0.32989209038870676,0.06694186916824278,0.2928148167473929,0.20934506751853774,0.6438748240470886,0.13087211732972986,0.32989209464618136,0.06694187716743999,0.29281481994049885,0.2093450587902996,7,7,7,7,7,7
crystalsys,crystalsys,leftnet_z,0.653603059904916,0.09089024947775727,0.35033948932375225,0.04948455302080204,0.31343337893486023,0.17131694809450557,0.6536030684198652,0.09089025198147548,0.35033948506627766,0.049484575397704754,0.3134333799992289,0.17131693171074536,7,7,7,7,7,7
crystalsys,mf.crystalsys.k0_outer,linear_regression,0.7183578756149988,,0.4281054072606409,,0.4090057493116784,,0.7183578756149988,,0.4281054072606409,,0.4090057493116784,,1,1,1,1,1,1
crystalsys,mf.crystalsys.k0_outer,random_forest,0.667497820336079,,0.3906402030393713,,0.4679381320420369,,0.667497820336079,,0.3906402030393713,,0.4679381320420369,,1,1,1,1,1,1
crystalsys,mf.crystalsys.k0_outer,svm,0.5880110663260346,,0.3215209235753504,,0.5559655056814256,,0.5880110663260346,,0.3215209235753504,,0.5559655056814256,,1,1,1,1,1,1
crystalsys,mf.crystalsys.k1_outer,linear_regression,0.607421248894648,,0.3229239622720662,,0.44366568981538,,0.607421248894648,,0.3229239622720662,,0.44366568981538,,1,1,1,1,1,1
crystalsys,mf.crystalsys.k1_outer,random_forest,0.540874509716737,,0.2976478141287541,,0.5265237441930171,,0.540874509716737,,0.2976478141287541,,0.5265237441930171,,1,1,1,1,1,1
crystalsys,mf.crystalsys.k1_outer,svm,0.5415576129916564,,0.2924385618226993,,0.5148796419743706,,0.5415576129916564,,0.2924385618226993,,0.5148796419743706,,1,1,1,1,1,1
crystalsys,mf.crystalsys.k2_outer,linear_regression,0.8466435670852661,,0.4076632857322693,,0.0535567998886108,,0.8466435670852661,,0.4076632857322693,,0.0535567998886108,,1,1,1,1,1,1
crystalsys,mf.crystalsys.k2_outer,random_forest,0.694424479073543,,0.3313177057274769,,0.3520281961144056,,0.694424479073543,,0.3313177057274769,,0.3520281961144056,,1,1,1,1,1,1
crystalsys,mf.crystalsys.k2_outer,svm,0.6628014780633434,,0.3130647783871602,,0.3329679774799542,,0.6628014780633434,,0.3130647783871602,,0.3329679774799542,,1,1,1,1,1,1
crystalsys,mf.crystalsys.k3_outer,linear_regression,0.6561769547978825,,0.3707899968817607,,0.2999711712296338,,0.6561769547978825,,0.3707899968817607,,0.2999711712296338,,1,1,1,1,1,1
crystalsys,mf.crystalsys.k3_outer,random_forest,0.5678498007401791,,0.3164198198611642,,0.4477024605417598,,0.5678498007401791,,0.3164198198611642,,0.4477024605417598,,1,1,1,1,1,1
crystalsys,mf.crystalsys.k3_outer,svm,0.526527721851039,,0.3005880215937819,,0.4699770789510424,,0.526527721851039,,0.3005880215937819,,0.4699770789510424,,1,1,1,1,1,1
crystalsys,mf.crystalsys.k4_outer,linear_regression,0.9027981758117676,,0.5101348161697388,,-0.3405745029449463,,0.9027981758117676,,0.5101348161697388,,-0.3405745029449463,,1,1,1,1,1,1
crystalsys,mf.crystalsys.k4_outer,random_forest,0.6593761999164398,,0.3674636166295492,,0.387709523387609,,0.6593761999164398,,0.3674636166295492,,0.387709523387609,,1,1,1,1,1,1
crystalsys,mf.crystalsys.k4_outer,svm,0.7034212186241969,,0.3913561139792348,,0.239259874103652,,0.7034212186241969,,0.3913561139792348,,0.239259874103652,,1,1,1,1,1,1
crystalsys,mf.crystalsys.k5_outer,linear_regression,0.6141016483306885,,0.3224294483661651,,0.4088109135627746,,0.6141016483306885,,0.3224294483661651,,0.4088109135627746,,1,1,1,1,1,1
crystalsys,mf.crystalsys.k5_outer,random_forest,0.4910796132587618,,0.272196075938541,,0.6066897567269665,,0.4910796132587618,,0.272196075938541,,0.6066897567269665,,1,1,1,1,1,1
crystalsys,mf.crystalsys.k5_outer,svm,0.5112108730209989,,0.2780695549849074,,0.5751245847703312,,0.5112108730209989,,0.2780695549849074,,0.5751245847703312,,1,1,1,1,1,1
crystalsys,mf.crystalsys.k6_outer,linear_regression,0.5587710295469138,,0.2930151804949244,,0.3743566779326771,,0.5587710295469138,,0.2930151804949244,,0.3743566779326771,,1,1,1,1,1,1
crystalsys,mf.crystalsys.k6_outer,random_forest,0.4861520953933921,,0.2529087398853618,,0.4665875601337148,,0.4861520953933921,,0.2529087398853618,,0.4665875601337148,,1,1,1,1,1,1
crystalsys,mf.crystalsys.k6_outer,svm,0.4930234063434167,,0.2512189971944282,,0.4188991078957456,,0.4930234063434167,,0.2512189971944282,,0.4188991078957456,,1,1,1,1,1,1
finetune10,,alignn_prop,0.6409031540155411,0.12942527311723262,0.30750772207975385,0.05745470476870626,0.060593646764755274,0.6713786879305317,0.7474465787410736,0.19579179784404027,0.3644294708967209,0.11524661715212235,-3.0307984218001365,8.924444351523961,10,10,10,10,10,10
finetune10,,alignn_z,0.7263430297374726,0.1576858837267863,0.3771179556846619,0.11411284058406296,-0.0022552438080310905,0.5206468055752825,0.8967944800853729,0.11478995226359362,0.4413901329040527,0.08713440568631303,-0.5619039207696914,0.41860541855708383,10,10,10,10,10,10
finetune10,,cartnet,0.69049152135849,0.12791371241247956,0.35271808058023446,0.09863024566480329,0.03348008990287782,0.6164755001113029,0.763216745853424,0.05537359672212402,0.33851363658905026,0.01987968909775673,-0.22742874920368195,0.2521909407283649,10,10,10,10,10,10
finetune10,,cgcnn,0.6983170300722122,0.16352047770352932,0.3596160486340523,0.09822074604527016,0.04196821004152297,0.3372721681962157,0.6682098507881165,0.01943688794627479,0.3145028173923492,0.015209601214298703,0.14927508216351268,0.0731361835087597,10,10,10,10,10,10
finetune10,,chgnet,0.7639644205570221,0.2282812640494462,0.3826114222407341,0.17620696510018366,-0.1703700006008148,0.4505224630303179,0.85613614320755,0.13125810788289746,0.4050260365009308,0.024141474336711974,-0.3073823885526508,0.32700358476420444,10,10,10,10,10,10
finetune10,,leftnet_z,0.6606927245855332,0.1410343495234508,0.3536131009459495,0.10052820369258375,0.09886456653475759,0.43952092721506686,0.9019314825534821,0.11899787909477563,0.43024958074092867,0.05270627857540657,-0.5163760140538216,0.40347781400216215,10,10,10,10,10,10
finetune100,,alignn_prop,0.5321821063756943,0.05720536584049894,0.2716144010424614,0.035387644368456886,0.48399881422519686,0.08588264974704402,0.5771491825580597,0.0669064753437336,0.2947839915752411,0.05617308338742694,-0.41610324680805205,2.1855210235746565,10,10,10,10,10,10
finetune100,,alignn_z,0.5434423118829728,0.07726958029396863,0.2772618800401687,0.043864149710421366,0.47569732666015624,0.11584044104484813,0.6008143126964569,0.029810622883693003,0.29637451469898224,0.010831249820319584,0.2348028231412172,0.08065020857810991,10,10,10,10,10,10
finetune100,,cartnet,0.6127292275428772,0.05748703317091584,0.3228705197572708,0.03293278663730328,0.2635250523686409,0.2337157164996621,0.6055115818977356,0.041891325399465155,0.30552518665790557,0.008594596175269725,0.27316313087940214,0.061815619774141954,10,10,10,10,10,10
finetune100,,cartnet_prop,0.6070574194192886,0.0792992853313541,0.31398364454507827,0.040234449204359486,0.15446824692189692,0.5057213566683343,0.6012926161289215,0.019011875261277837,0.28944171667099,0.0065449749674652315,0.14707195460796355,0.2220958875977486,10,10,10,10,10,10
finetune100,,cgcnn,0.6209217548370362,0.07011494074922218,0.32222591340541834,0.05008558733604071,0.22684294879436492,0.2864633875638836,0.602999359369278,0.038319202018770614,0.2946888893842697,0.014243086810097222,0.23521726280450816,0.0679368070332152,10,10,10,10,10,10
finetune100,,chgnet_prop,0.5874230623245239,0.045128481088504015,0.3138711601495742,0.03603629781450776,0.37967122793197633,0.0941525996136494,0.607924860715866,0.010435161661573452,0.3117616653442382,0.0047840246393103265,0.23126708716154093,0.056568580488924304,10,10,10,10,10,10
finetune100,,chgnet_z,0.7143973052501679,0.07566427225126529,0.37826634943485254,0.046698454190298895,0.145335142314434,0.14175651342644405,0.7231527388095855,0.02179750181071117,0.36772568225860597,0.009509882280072823,0.01368677399586885,0.08062253358623764,10,10,10,10,10,10
finetune100,,leftnet_prop,0.5973458766937256,0.06362202346066793,0.31449034512042995,0.03377089078233921,0.39814139455556863,0.10529516110692404,0.5742590725421906,0.028061938297556224,0.2873881071805954,0.008388181645246864,0.31843220517039295,0.10263019794390923,10,10,10,10,10,10
finetune100,,leftnet_z,0.6249585151672363,0.05385913483308685,0.33936427533626556,0.05083410854997963,0.35490977615118025,0.0841289274221093,0.6083439707756042,0.01417306071145562,0.31295446753501893,0.007746322914146691,0.2981775090098381,0.02887948786127133,10,10,10,10,10,10
finetune25,,alignn_prop,0.6088864475488662,0.12538550522194056,0.30995721518993374,0.09185004959733752,0.2877845605835318,0.15001483655432535,0.654557055234909,0.11186540039619897,0.33022221028804777,0.0596504801998077,-0.729932875931263,1.8681367406641751,10,10,10,10,10,10
finetune25,,alignn_z,0.6906131565570831,0.142398550186661,0.3573213249444961,0.11464498789118155,0.08080796021968124,0.2603709114455422,0.7181711852550506,0.06034788131212054,0.3528889179229736,0.023736359882656884,0.057325045391917184,0.19201207305483856,10,10,10,10,10,10
finetune25,,cartnet_z,0.7086349427700043,0.07259653769889793,0.3624234795570373,0.10272530513685103,0.21767599433660506,0.13040771686614444,0.7247231483459473,0.08834761993302771,0.33236209154129026,0.02699916729195359,-0.031197711615823208,0.18099854108268584,10,10,10,10,10,10
finetune25,,cgcnn,0.6401836037635803,0.10892110014617426,0.3361713781952858,0.08490331666625459,0.34411335587501524,0.2415009270292344,0.6517474830150605,0.03871204439010845,0.3130501687526702,0.011234337114729926,0.15267443917691706,0.07039275184309439,10,10,10,10,10,10
finetune25,,chgnet,0.70117467045784,0.1469596752924107,0.38508747220039363,0.13272811350487942,0.010672751441597956,0.3853817458461873,0.7263172805309296,0.04172126578752788,0.36413736641407013,0.009370836406812336,-0.01112999659962952,0.09968442693381013,10,10,10,10,10,10
finetune25,,leftnet_z,0.6699612021446228,0.12119586253272895,0.3769654810428619,0.12009765692429356,0.20518650561571122,0.1410849344398946,0.6743795573711395,0.04927833443166859,0.3328736156225204,0.012903836108423323,0.19349792636930943,0.12729177323368376,10,10,10,10,10,10
finetune50,,alignn_prop,0.5694661766290665,0.09787181970106923,0.2764103204011917,0.03338434120147594,0.344619819894433,0.2978760226700992,0.6550981044769287,0.0994818688186489,0.3429668813943863,0.07430905393742247,-1.788889606297016,4.176327065231116,10,10,10,10,10,10
finetune50,,alignn_z,0.6551762998104096,0.041583954503524395,0.3253737300634384,0.042159698425457956,0.2508352905511856,0.1634836054816709,0.6890638053417206,0.05095098521673004,0.3339338839054108,0.014272849781999487,0.1213813468813896,0.11166327877477399,10,10,10,10,10,10
finetune50,,cartnet,0.6349484384059906,0.048529038628306716,0.3183676332235336,0.04157361343538633,0.26056042686104774,0.09594111604117278,0.6301272332668304,0.07040650168411591,0.3093965619802475,0.016668857480593532,0.24062952529639006,0.11342008513676638,10,10,10,10,10,10
finetune50,,cgcnn,0.6393010020256042,0.07471048415716579,0.3115408718585968,0.04314853558475259,0.2017392683774233,0.2237335244524846,0.6449945867061615,0.026210470712650275,0.314737382531166,0.01296697903476566,0.15914421975612636,0.0608904891593756,10,10,10,10,10,10
finetune50,,chgnet_z,0.6529873788356781,0.06511109355203841,0.34334023892879484,0.060897157741060345,0.2016847076825797,0.16086463183803604,0.6756819903850555,0.012807617578944325,0.348566848039627,0.007253244934335305,0.11386839672923084,0.032926718980269665,10,10,10,10,10,10
finetune50,,leftnet_z,0.6461365103721619,0.041359292487534456,0.3343119233846664,0.051646174555008695,0.2764848947525024,0.1399208701420559,0.6263989448547364,0.021802997417309636,0.3163995325565338,0.013027861977626396,0.2666387364268302,0.038180152605246105,10,10,10,10,10,10
ood,,alignn_prop,0.5382465928792953,0.04633762203249016,0.2802490875124931,0.02651660982081052,0.46176530718803405,0.10617531512654728,0.7369699478149414,0.040751007392903715,0.3626082748174667,0.02924850732109647,-0.1852432884275913,0.13983055508364173,10,10,10,10,10,10
ood,,alignn_z,0.5407725840806961,0.0379043503885256,0.28032789826393123,0.02422553936047261,0.462357097864151,0.0734516082828837,0.6196595132350922,0.022017898119967495,0.3015539348125457,0.012678338864898685,0.12779121072962876,0.05988232195033374,10,10,10,10,10,10
ood,,cartnet,0.6554544568061829,0.1963535576809128,0.3356199949979782,0.05995709776013119,-3.853409670293331,13.269533651109073,0.6797076344490052,0.026156815496809534,0.3339249432086945,0.010727199263088804,-0.04116961024701594,0.08206801277535516,10,10,10,10,10,10
ood,,cartnet_prop,0.5935057103633881,0.04921671326676609,0.31034682542085645,0.037701409249351295,0.20392269343137742,0.49759781428974387,0.6439242601394654,0.009338259055957822,0.337527933716774,0.012030660220772645,-0.02004425246268509,0.03525531125277041,10,10,10,10,10,10
ood,,cgcnn,0.5869574010372162,0.03982560198651771,0.31687450110912324,0.038373890046410036,0.30600539557635786,0.23411687493141717,0.6593388915061951,0.023397297630911328,0.33628536164760586,0.010938781853322626,0.01981154785025862,0.04060842553738917,10,10,10,10,10,10
ood,,chgnet,0.6297096908092499,0.024504784570497148,0.3394463300704956,0.03125335554786236,0.3608412623405456,0.056281056003648335,0.8222343921661377,0.06088676952795374,0.3869293183088302,0.020482143372029617,-0.47212010622024536,0.20317460019047343,10,10,10,10,10,10
ood,,chgnet_prop,0.5797021925449372,0.012835302107858122,0.3112462371587753,0.03354981504792765,0.39832438826560973,0.05209710506057193,0.6972709834575653,0.02944368515509854,0.36557497382163995,0.011098514945288275,-0.04611803740262984,0.08795337854395838,10,10,10,10,10,10
ood,,leftnet_prop,0.5862801849842072,0.026541291275278846,0.31051860153675076,0.027079506391078822,0.4087360352277756,0.05939227688826588,0.7406617641448975,0.028308435324654883,0.3689081519842148,0.012051502440743087,-0.14605316948145625,0.11034201210295484,10,10,10,10,10,10
ood,,leftnet_z,0.5975966274738311,0.022453277879782477,0.32613504827022555,0.02916712340881614,0.39619449377059934,0.043989681850663216,0.8307673633098602,0.04924433797543087,0.4613639384508133,0.023142939233414882,-0.3230986684560776,0.20301050631331646,10,10,10,10,10,10
ood,,linear_regression,4.464136547825953,12.089509966435994,2.3649820905725294,6.357559099829462,-21056.944997304803,66589.03054727607,6111535.183644105,19326368.09571667,1358119.229664277,4294748.469238793,-8.881512144160216e+16,2.808580744199202e+17,10,10,10,10,10,10
ood,,random_forest,0.531143300752045,0.021814760027377006,0.29293429257789516,0.032492882660546035,0.5292660593378825,0.04889052519810636,0.7214405231711444,0.013463989107657824,0.3586155453094567,0.006604055516813431,-0.04860593023367831,0.03857500868825562,10,10,10,10,10,10
ood,,svm,0.5285149208988682,0.028205420221245257,0.2869143175158677,0.026346415553632523,0.5004905513385529,0.0722036710267518,0.7904362037298835,0.037628841137562284,0.4236776837676516,0.03198877074160629,-0.2405616126586958,0.10231290634462921,10,10,10,10,10,10
ood_no_pretrain,,alignn_prop,0.5867756485939026,0.046832589239344684,0.2921978682279587,0.016468182687920108,0.4117655918002129,0.10149334585591552,0.7995978653430938,0.05283670465039406,0.43052621483802794,0.041706960903387935,-0.373902378231287,0.1680734738862417,10,10,10,10,10,10
ood_no_pretrain,,alignn_z,0.5897931754589081,0.03654804216894387,0.2930941879749298,0.019465902026276724,0.4026476576924324,0.0861665841184141,0.7943263530731202,0.0695633696336749,0.4064234018325806,0.04295749193041527,-0.3495925921946764,0.23018270001136015,10,10,10,10,10,10
ood_no_pretrain,,cartnet,0.6538602530956268,0.06105268910277285,0.3202886044979095,0.0325084903502604,0.19314662367105478,0.3411979395140304,0.7874842822551728,0.028146645681179184,0.3785484969615936,0.02760597397002219,-0.2703752160072327,0.06302772434495184,10,10,10,10,10,10
ood_no_pretrain,,cartnet_prop,0.6699170172214508,0.1382144502125778,0.3138106018304825,0.03968715548853758,0.12277262397110462,0.5201495371886596,0.7893739342689514,0.08166789449798968,0.3726001858711242,0.02666124922775233,-0.3097198508679867,0.2721006761683904,10,10,10,10,10,10
ood_no_pretrain,,cgcnn,0.5764768838882446,0.04093349617444324,0.28956120908260347,0.025047894112443087,0.40638175904750823,0.0952960556202887,1.0794517934322356,0.36614663966907274,0.5708855032920838,0.20645674785299067,-2.1284507028758526,3.228428727669486,10,10,10,10,10,10
ood_no_pretrain,,chgnet,0.5895874559879303,0.029558502862455083,0.30961902737617486,0.02532654745597839,0.38275977671146394,0.09264706483588885,0.8481953203678131,0.07095311558992348,0.44938664734363554,0.046039088823654865,-0.5379850760102272,0.2803854519361178,10,10,10,10,10,10
ood_no_pretrain,,chgnet_prop,0.6003004789352417,0.04062763554202081,0.3019534021615982,0.023385037793971664,0.3726776674389839,0.11212455140266729,0.9019666254520416,0.1326300809994329,0.4943388193845749,0.08675471021283782,-0.8513219878077507,0.6688099627771159,10,10,10,10,10,10
ood_no_pretrain,,leftnet_prop,0.5905010521411895,0.048429942108997065,0.30670674741268156,0.02874154707665118,0.43323542177677155,0.0984991716030283,0.8244874775409698,0.06395417226235803,0.42462871968746185,0.039609835132367564,-0.30965829938650125,0.23261916050200562,10,10,10,10,10,10
ood_no_pretrain,,leftnet_z,0.5989859163761139,0.03192990720281569,0.3197486102581024,0.03248226602587803,0.39971020966768267,0.09697006662863589,0.8120859563350677,0.05716134600222407,0.4270780920982361,0.03837903793823986,-0.2765660136938095,0.17664034301192807,10,10,10,10,10,10
ood_no_pretrain,,linear_regression,4.473755115212045,12.111509337264655,2.3721047398985355,6.368367063648781,-21137.30490029726,66843.08968321652,6123181.764300496,19363197.83758213,1360707.3583054887,4302932.856810055,-8.915394914811822e+16,2.8192954170688195e+17,10,10,10,10,10,10
ood_no_pretrain,,random_forest,0.5305162340487157,0.021849530205189722,0.2926097394630994,0.03223800781379926,0.5290608151143031,0.0491629209557574,0.7212550778830604,0.013022824659136952,0.3582933302307013,0.006443715316953869,-0.04729198612594473,0.03643620485248423,10,10,10,10,10,10
ood_no_pretrain,,svm,0.5282991709211893,0.02787746180216815,0.2868393252919313,0.026270356946489666,0.5007754500505646,0.07160843615539973,0.7923345330222793,0.03758686544534741,0.4250584685975342,0.03184621248384859,-0.24468950941558387,0.10221942036659463,10,10,10,10,10,10
train_from_scratch,,alignn,0.6065823704004287,0.0757887161644899,0.3069498926401138,0.04873234797446916,0.3875259220600128,0.10998482197239948,0.6405484795570373,0.028380847752366073,0.3025848686695099,0.018168500546499055,0.23174947351217265,0.07045406797017517,10,10,10,10,10,10
train_from_scratch,,alignn_prop,0.594238892197609,0.07162621292573226,0.29879404008388516,0.04642025185784568,0.4026365906000137,0.10668477473325824,0.5992438614368438,0.03263832967781731,0.2822602182626724,0.004700028363469358,0.3209821224212646,0.058659130640897096,10,10,10,10,10,10
train_from_scratch,,cartnet,0.6595750689506531,0.09244115522465135,0.32185519933700557,0.048053594729656215,0.2135329248383641,0.22132868785830356,0.7377701282501221,0.047848830693002595,0.33688186407089227,0.015483218721814474,-0.34170029666274787,1.0299350601568575,10,10,10,10,10,10
train_from_scratch,,cartnet_prop,0.6547318458557129,0.1089098217581725,0.3152332901954651,0.05745521002864311,0.05375458598136902,0.6563341335305989,0.7028527379035949,0.06739688624284983,0.31150091290473936,0.02267945931723732,-0.056116230040788674,0.4340734464933511,5,5,5,5,5,5
train_from_scratch,,cgcnn,0.5659988254308701,0.04425247870033269,0.276945948600769,0.02972978864059166,0.4245786666870117,0.09204976454245685,0.5760227143764496,0.01906869104463705,0.2705164581537246,0.016692729228844162,0.31313437074422834,0.05147120252850403,10,10,10,10,10,10
train_from_scratch,,chgnet,0.6243322789669037,0.050016453110522316,0.331556224822998,0.04324521420330061,0.3228510737419128,0.11481573737563507,0.615865296125412,0.028389304364095237,0.31074334383010865,0.011092072684989086,0.2631332650780678,0.06940963870958072,10,10,10,10,10,10
train_from_scratch,,chgnet_prop,0.6184493005275726,0.03617823625980135,0.31776796877384184,0.04249190725670853,0.3541895508766174,0.05153022881218515,0.6391368508338928,0.033463152410974195,0.30800436437129974,0.01263675944923027,0.21214248090982432,0.09523996698647494,10,10,10,10,10,10
train_from_scratch,,leftnet_prop,0.5996297538280487,0.05672489604762254,0.3197687834501266,0.0410200004743281,0.41019911170005796,0.07624849573099883,0.5836534440517426,0.03983099637465352,0.2958004504442215,0.015401349079838787,0.3851860299706459,0.07078047472384257,10,10,10,10,10,10
train_from_scratch,,leftnet_z,0.6147803723812103,0.049766186991555945,0.3292239397764206,0.044776643847006845,0.3956336468458176,0.07665079099107812,0.5992062091827393,0.02036002699509108,0.3029971748590469,0.006127312164504756,0.36027784943580626,0.02912870909769965,10,10,10,10,10,10
train_from_scratch,,linear_regression,0.6501681905249954,0.05549699212446799,0.35580676698036917,0.04934653727154454,0.3567078447924922,0.067273320751436,0.6368932941572713,0.014209370738118109,0.3316198219754053,0.00542156159056451,0.30627209073533135,0.007768793767907316,10,10,10,10,10,10
train_from_scratch,,random_forest,0.5407143337108467,0.04650493694301986,0.29550275587735625,0.0366947547537227,0.5104059504993578,0.05405951398668072,0.5350433355218134,0.00729063860391108,0.2842438119672257,0.004962562367121554,0.45283346844397565,0.015539234163645489,10,10,10,10,10,10
train_from_scratch,,svm,0.5407299188471384,0.06242580823612452,0.2919694099749961,0.04935396607244475,0.4795105007036171,0.09744505247884726,0.5058098181371842,0.007376344552843261,0.2594528789046918,0.004560040181807413,0.5014964679958681,0.012791794749857626,10,10,10,10,10,10
train_from_scratch_10,,alignn_prop,0.7025370091199875,0.18115681733895572,0.34203702956438065,0.08007986427170943,0.1211588978767395,0.32960725359928933,0.8735548436641694,0.15675450226374935,0.3993362039327621,0.0401651084492521,-0.34661594731733203,0.4490080745830642,10,10,10,10,10,10
train_from_scratch_10,,alignn_z,0.7223324179649353,0.12129954589847906,0.370182666182518,0.08107624400918947,0.08403365314006805,0.3138315322595333,0.9075216710567474,0.07807113598284457,0.4146993041038513,0.024023562787201885,-0.4959535881876945,0.2654127476102917,10,10,10,10,10,10
train_from_scratch_10,,cartnet_z,0.7565870881080627,0.2833005517965799,0.34009370654821397,0.08545951911610512,-0.02485157847404482,0.4817948380967513,1.1229610919952393,0.2124266532861188,0.4497864842414856,0.0521047516840041,-5.402228820323944,6.408470957452843,10,10,10,10,10,10
train_from_scratch_10,,cgcnn,0.6737525641918183,0.11766476359316093,0.3306299328804016,0.10494374709828384,0.13612934499979018,0.31667968619644093,0.8006747126579284,0.08873377318829664,0.36233929693698885,0.024292765365134066,-0.1739476826041937,0.23604071038224578,10,10,10,10,10,10
train_from_scratch_10,,chgnet_z,0.8615597158670425,0.29180565514284756,0.3890586033463478,0.10759897483946596,-0.2060789167881012,0.39826757087542997,0.9655517578125,0.26219146370406005,0.4037481039762497,0.04853238793331957,-0.6446599557995796,0.8494128850291629,10,10,10,10,10,10
train_from_scratch_10,,leftnet_z,0.6810111314058304,0.15559432734187384,0.3534134581685066,0.09495824851920145,0.056812301278114305,0.4719864677703184,0.9146642684936523,0.11078731412577886,0.4221908003091812,0.0500014005530887,-0.5189067900180817,0.3776710130518358,10,10,10,10,10,10
train_from_scratch_10,,linear_regression,18.790183236516512,56.58894525656188,26.92840677927557,83.74999904070833,-42409.58621604067,134108.3243346647,2203.3639335307143,6964.512746415146,636.1228921292775,2010.0243264388232,-6037465054.279326,19092140859.51639,10,10,10,10,10,10
train_from_scratch_10,,random_forest,0.6788264827875292,0.13204149770676746,0.39507920144220476,0.12432973267109682,0.13607832434702744,0.5160700475757432,0.6977227755183734,0.008576484125754777,0.3356515010613844,0.006320036702578317,0.1115591213770335,0.03312197074887664,10,10,10,10,10,10
train_from_scratch_10,,svm,0.6309256470189931,0.08373537861456726,0.3479273928878841,0.08921578868333085,0.15179025646869043,0.5970362058909322,0.6933145846438608,0.02005056297039796,0.33851703526437416,0.013860846568005993,0.1224072333958609,0.04692267486500437,10,10,10,10,10,10
train_from_scratch_25,,alignn_prop,0.6883957415819169,0.16828843568117352,0.33214582353830335,0.08297137547932884,0.2329309523105621,0.26224784294496645,0.780230450630188,0.1510418938587057,0.3615016967058181,0.04689540711303866,-0.04908000808209182,0.36258331822260864,10,10,10,10,10,10
train_from_scratch_25,,alignn_z,0.6491139769554138,0.11827543152895793,0.3316000014543533,0.10137145686677594,0.32492501735687257,0.1706863135789586,0.7516315758228302,0.08178825810511205,0.36409536898136136,0.024208838413823493,-0.001580226328223966,0.25169680602891764,10,10,10,10,10,10
train_from_scratch_25,,cartnet_z,0.7527757585048676,0.13049939910714534,0.3605104625225067,0.10400587468888094,-0.03390183672308919,0.11757839059726598,0.8563742637634277,0.1149153866583512,0.3741556525230407,0.02800044582257961,-1.8702093917876481,3.414549297388419,10,10,10,10,10,10
train_from_scratch_25,,cgcnn,0.5972076833248139,0.126495024090595,0.3212385669350624,0.12308961816914876,0.3750915020704269,0.21538886828373555,0.6173638224601745,0.03955173672388775,0.28553878664970395,0.013964410036709224,0.2828350961208343,0.08030214245074332,10,10,10,10,10,10
train_from_scratch_25,,chgnet_z,0.9445647835731507,0.2894033626691534,0.4021298259496689,0.10059778589722387,-0.39182472601532936,0.43841819939814686,0.9582240104675293,0.25751228501548573,0.39594779908657074,0.050149409597110665,-0.6299117423593998,0.8120377272711095,10,10,10,10,10,10
train_from_scratch_25,,leftnet_z,0.749568372964859,0.2733082068370861,0.3760471045970916,0.11239355024573094,0.14157453328371045,0.39058165155257235,0.8191531658172607,0.29146282247638305,0.37861387729644774,0.09210572886491411,-0.22409891299903392,0.9026412990156101,10,10,10,10,10,10
train_from_scratch_25,,linear_regression,29.545665797495378,90.19088571766629,15.634836823520867,47.4788444042851,-276328.77272052097,873817.6656429921,0.8882293175809679,0.14089822255834777,0.4769754776387993,0.09279650971834587,-1.204397523300799,1.5398005154025423,10,10,10,10,10,10
train_from_scratch_25,,random_forest,0.6268228174973111,0.1197935025276695,0.3787900393773465,0.11696365178521387,0.3817685997056083,0.09633099840068743,0.6088918415095235,0.010134255600605033,0.311429420915208,0.005055344784226711,0.3194082777019037,0.01808968385823711,9,9,9,9,9,9
train_from_scratch_25,,svm,0.6361417803635105,0.11248401376896319,0.3629980651784795,0.09957685913603173,0.30615651766312757,0.2068923820154344,0.595898145243466,0.017329440033295243,0.2984855533343996,0.008140284384951242,0.36528279039659145,0.03674369531403337,10,10,10,10,10,10
train_from_scratch_50,,alignn_prop,0.6376778066158295,0.0702275117756535,0.32413361966609955,0.04487373060799702,0.28420819491147997,0.17244995930781437,0.6690107762813569,0.059549463683272755,0.33619762361049654,0.0178008308779451,0.1949977547395974,0.12072283668462126,10,10,10,10,10,10
train_from_scratch_50,,alignn_z,0.6711942851543427,0.08880358390312805,0.3242102444171905,0.038878196917039406,0.2602262496948242,0.16163531243769386,0.7191316843032837,0.1337014876495051,0.34218865931034087,0.03573963455971102,0.07580242492258546,0.289455411126186,10,10,10,10,10,10
train_from_scratch_50,,cartnet,0.7637347400188446,0.09221546634438714,0.35009337961673737,0.043580960315508996,0.02282328717410565,0.2314173790128191,0.8031312167644501,0.09047761286793563,0.3549555122852325,0.016375409488506482,-0.24594646990299224,0.287540660637128,10,10,10,10,10,10
train_from_scratch_50,,cgcnn,0.5936952710151673,0.06581341483999643,0.286467207968235,0.03685288013923759,0.3521063596010208,0.17691517831127396,0.6165381729602813,0.025244935351816464,0.28530924320220946,0.015825595553429668,0.2817509040236473,0.051462151419612856,10,10,10,10,10,10
train_from_scratch_50,,chgnet_z,0.6991845905780792,0.11583851886238286,0.3475581794977188,0.06039185529070497,0.1702924083918333,0.2750002300538825,0.6871473312377929,0.1457816151805984,0.33348715901374815,0.03047308944347478,0.10942655801773067,0.39472476227598324,10,10,10,10,10,10
train_from_scratch_50,,leftnet_z,0.6613579571247101,0.04472684479026146,0.3421122550964355,0.04157456594479612,0.2820960916578769,0.11709489504698668,0.6555851399898529,0.052153247904348256,0.32919563651084893,0.02012764080571566,0.22934503410942847,0.11536600447332891,10,10,10,10,10,10
train_from_scratch_50,,linear_regression,0.6764161545749887,0.05230664976703764,0.3644379592635933,0.04799622191837717,0.2926041058008694,0.06603773056631725,0.6437777231148353,0.003892348678839179,0.3312301846310538,0.0020757296483666565,0.2725034147946441,0.013352569869738212,10,10,10,10,10,10
train_from_scratch_50,,random_forest,0.5884478669932608,0.04400331306296064,0.31684768062983343,0.04338086169498427,0.4295291099318968,0.09618791770735757,0.5771233923708248,0.006883280139880577,0.3035248463299396,0.0038561768704090484,0.35424337996999683,0.015916291839704173,10,10,10,10,10,10
train_from_scratch_50,,svm,0.6007834432890353,0.04450496814834881,0.31862842247204387,0.039113981207315955,0.3639828497755221,0.13693363410201156,0.5519595432870836,0.01846259756145983,0.28537269187378866,0.00856052221912964,0.43307854949595004,0.03206613484848569,10,10,10,10,10,10
